{
  "nodes": [
    {
      "id": "main_gate",
      "name": "Main Gate",
      "x": 720,
      "y": 304,
      "type": "entrance",
      "description": "The main entrance to the campus. Security check-in and visitor registration available here.",
      "photo": "https://images.unsplash.com/photo-1562774053-701939374585?w=400&h=250&fit=crop",
      "hours": "Open 24/7",
      "facilities": ["Security", "Visitor Parking", "Bike Rack"]
    },
    {
      "id": "basketball_court",
      "name": "Basketball Court",
      "x": 697,
      "y": 680,
      "type": "sports",
      "description": "Full-size outdoor basketball court. Open for students during daylight hours.",
      "photo": "https://images.unsplash.com/photo-1546519638405-a9f9f3302b05?w=400&h=250&fit=crop",
      "hours": "6 AM – 10 PM",
      "facilities": ["Seating", "Water Fountain", "Restrooms"]
    },
    {
      "id": "workshop_junction",
      "name": "Workshop Block",
      "x": 565,
      "y": 733,
      "type": "academic",
      "description": "Engineering workshops and fabrication labs. Home to the mechanical and electrical engineering departments.",
      "photo": "https://images.unsplash.com/photo-1581091226825-a6a2a5aee158?w=400&h=250&fit=crop",
      "hours": "8 AM – 6 PM",
      "facilities": ["3D Printing", "CNC Lab", "Tool Room"]
    },
    {
      "id": "library",
      "name": "Central Library",
      "x": 480,
      "y": 560,
      "type": "academic",
      "description": "The main library with over 50,000 books, digital resources, and quiet study zones.",
      "photo": "https://images.unsplash.com/photo-1521587760476-6c12a4b040da?w=400&h=250&fit=crop",
      "hours": "8 AM – 8 PM",
      "facilities": ["WiFi", "Printing", "Study Rooms", "Cafeteria"]
    },
    {
      "id": "admin_block",
      "name": "Administration Block",
      "x": 610,
      "y": 420,
      "type": "admin",
      "description": "Administrative offices, registrar, and principal's office. All official academic processes handled here.",
      "photo": "https://images.unsplash.com/photo-1497366216548-37526070297c?w=400&h=250&fit=crop",
      "hours": "9 AM – 5 PM",
      "facilities": ["Registrar", "Counseling", "Finance Office"]
    },
    {
      "id": "canteen",
      "name": "Student Canteen",
      "x": 530,
      "y": 650,
      "type": "food",
      "description": "Main student dining hall serving breakfast, lunch, and snacks. Affordable meal plans available.",
      "photo": "https://images.unsplash.com/photo-1567521464027-f127ff144326?w=400&h=250&fit=crop",
      "hours": "7 AM – 7 PM",
      "facilities": ["Veg & Non-Veg", "Juice Bar", "Seating 200+"]
    },
    {
      "id": "auditorium",
      "name": "Main Auditorium",
      "x": 750,
      "y": 500,
      "type": "event",
      "description": "State-of-the-art auditorium with 1000-seat capacity. Hosts convocations, seminars, and cultural events.",
      "photo": "https://images.unsplash.com/photo-1540575467063-178a50c2df87?w=400&h=250&fit=crop",
      "hours": "By Event Schedule",
      "facilities": ["AC", "Stage", "AV System", "Green Room"]
    },
    {
      "id": "sports_complex",
      "name": "Sports Complex",
      "x": 830,
      "y": 620,
      "type": "sports",
      "description": "Indoor sports complex with badminton courts, table tennis, and gymnasium.",
      "photo": "https://images.unsplash.com/photo-1534438327276-14e5300c3a48?w=400&h=250&fit=crop",
      "hours": "6 AM – 9 PM",
      "facilities": ["Gym", "Badminton", "TT", "Locker Room"]
    },
    {
      "id": "hostel_block",
      "name": "Hostel Block",
      "x": 400,
      "y": 720,
      "type": "residential",
      "description": "Main hostel complex with separate boys and girls wings. 500+ rooms with modern amenities.",
      "photo": "https://images.unsplash.com/photo-1555854877-bab0e564b8d5?w=400&h=250&fit=crop",
      "hours": "Residents 24/7",
      "facilities": ["WiFi", "Laundry", "Common Room", "Mess"]
    },
    {
      "id": "central_junction",
      "name": "Central Junction",
      "x": 620,
      "y": 580,
      "type": "intersection",
      "description": "Main crossroads connecting all major blocks of the campus.",
      "photo": "https://images.unsplash.com/photo-1541339907198-e08756dedf3f?w=400&h=250&fit=crop",
      "hours": "Always Open",
      "facilities": ["Notice Board", "ATM", "Water Cooler"]
    }
  ],
  "edges": [
    { "from": "main_gate", "to": "admin_block" },
    { "from": "main_gate", "to": "auditorium" },
    { "from": "admin_block", "to": "central_junction" },
    { "from": "admin_block", "to": "library" },
    { "from": "central_junction", "to": "library" },
    { "from": "central_junction", "to": "canteen" },
    { "from": "central_junction", "to": "auditorium" },
    { "from": "central_junction", "to": "basketball_court" },
    { "from": "central_junction", "to": "sports_complex" },
    { "from": "library", "to": "hostel_block" },
    { "from": "library", "to": "workshop_junction" },
    { "from": "canteen", "to": "workshop_junction" },
    { "from": "canteen", "to": "basketball_court" },
    { "from": "basketball_court", "to": "workshop_junction" },
    { "from": "basketball_court", "to": "sports_complex" },
    { "from": "auditorium", "to": "sports_complex" },
    { "from": "hostel_block", "to": "canteen" }
  ]
}
